Segment,Priority,Recommended action,Customers,% Revenue
Champions,Retain,"VIP / loyalty tier, early access to new ranges, ask for referrals. No discounts needed.",850,52.71179548478817
Loyal Customers,Retain,"Upsell higher-value ranges, volume-based rewards, account manager for top ones.",1132,27.307774560528102
Potential Loyalists,Grow,"Membership / loyalty sign-up, personalised recommendations to raise frequency.",712,3.8500404089238334
New Customers,Grow,"Onboarding journey, welcome offer on 2nd order to build the habit.",57,0.11696831863754645
Promising,Grow,"Brand awareness, time-limited offer to trigger a repeat purchase.",111,0.20912116934708952
Need Attention,Re-engage,"Personalised reminders based on past purchases, limited-time offers.",268,2.0148875330625344
About to Sleep,Re-engage,Reactivation email with popular products; a small discount.,382,1.2239961880113959
At Risk,Win back,Personalised win-back offer; survey to find out why they stopped.,756,5.77288802288728
Can't Lose Them,Win back,"Highest-value churn risk: direct call from account manager, strong incentive.",72,3.0047755375787295
Hibernating,Low cost,Low-cost automated campaigns only; don't overspend on reacquisition.,1512,3.7877527762353242
