WeekEnding,Actual,Backtest_Harmonic,Backtest_Ensemble,Forecast,Lower80,Upper80,Lower95,Upper95
2009-12-06,260764.63,,,,,,,
2009-12-13,233980.37,,,,,,,
2009-12-20,251339.96,,,,,,,
2009-12-27,51653.06,,,,,,,
2010-01-03,0.0,,,,,,,
2010-01-10,166010.79,,,,,,,
2010-01-17,155442.98,,,,,,,
2010-01-24,145900.59,,,,,,,
2010-01-31,144916.84,,,,,,,
2010-02-07,120064.77,,,,,,,
2010-02-14,86875.71,,,,,,,
2010-02-21,166964.89,,,,,,,
2010-02-28,160357.37,,,,,,,
2010-03-07,161821.09,,,,,,,
2010-03-14,138124.58,,,,,,,
2010-03-21,164403.32,,,,,,,
2010-03-28,171646.37,,,,,,,
2010-04-04,155712.99,,,,,,,
2010-04-11,136856.43,,,,,,,
2010-04-18,141839.23,,,,,,,
2010-04-25,164713.69,,,,,,,
2010-05-02,184841.87,,,,,,,
2010-05-09,160018.47,,,,,,,
2010-05-16,167299.34,,,,,,,
2010-05-23,148058.59,,,,,,,
2010-05-30,154822.71,,,,,,,
2010-06-06,106596.85,,,,,,,
2010-06-13,210285.78,,,,,,,
2010-06-20,135945.29,,,,,,,
2010-06-27,122210.69,,,,,,,
2010-07-04,178101.47,,,,,,,
2010-07-11,150568.87,,,,,,,
2010-07-18,156575.26,,,,,,,
2010-07-25,144493.7,,,,,,,
2010-08-01,155077.77,,,,,,,
2010-08-08,125594.26,,,,,,,
2010-08-15,163081.26,,,,,,,
2010-08-22,166810.5,,,,,,,
2010-08-29,144390.79,,,,,,,
2010-09-05,139783.75,,,,,,,
2010-09-12,129772.47,,,,,,,
2010-09-19,162675.4,,,,,,,
2010-09-26,239313.56,,,,,,,
2010-10-03,306340.58,,,,,,,
2010-10-10,257571.49,,,,,,,
2010-10-17,308191.84,,,,,,,
2010-10-24,240877.44,,,,,,,
2010-10-31,209192.95,,,,,,,
2010-11-07,266205.79,,,,,,,
2010-11-14,368498.79,,,,,,,
2010-11-21,346239.63,,,,,,,
2010-11-28,296087.91,,,,,,,
2010-12-05,317175.27,,,,,,,
2010-12-12,301063.75,,,,,,,
2010-12-19,208614.1,,,,,,,
2010-12-26,85158.06,,,,,,,
2011-01-02,0.0,,,,,,,
2011-01-09,130274.65,,,,,,,
2011-01-16,172130.4,,,,,,,
2011-01-23,132147.66,,,,,,,
2011-01-30,120985.94,,,,,,,
2011-02-06,121348.65,,,,,,,
2011-02-13,103557.33,,,,,,,
2011-02-20,140161.11,,,,,,,
2011-02-27,145233.78,,,,,,,
2011-03-06,127588.35,,,,,,,
2011-03-13,128991.97,,,,,,,
2011-03-20,153340.36000000002,,,,,,,
2011-03-27,144759.21,,,,,,,
2011-04-03,186550.75,,,,,,,
2011-04-10,122780.76,,,,,,,
2011-04-17,146013.11000000002,,,,,,,
2011-04-24,123743.45,,,,,,,
2011-05-01,83375.41,,,,,,,
2011-05-08,136752.21,,,,,,,
2011-05-15,204717.07,,,,,,,
2011-05-22,210335.39,,,,,,,
2011-05-29,159463.82,,,,,,,
2011-06-05,115065.0,,,,,,,
2011-06-12,213645.06,,,,,,,
2011-06-19,186572.2,,,,,,,
2011-06-26,127368.72,,,,,,,
2011-07-03,134870.16,,,,,,,
2011-07-10,170124.54,,,,,,,
2011-07-17,132562.92,,,,,,,
2011-07-24,187781.16,,,,,,,
2011-07-31,178712.51,,,,,,,
2011-08-07,167894.34,,,,,,,
2011-08-14,169283.0,,,,,,,
2011-08-21,173145.63,,,,,,,
2011-08-28,160921.68,,,,,,,
2011-09-04,146553.76,,,,,,,
2011-09-11,187162.33,172979.31059444463,156471.80778652336,,,,,
2011-09-18,223863.7,198275.90932236472,186863.60748306394,,,,,
2011-09-25,328713.43,224195.91149992522,241152.12300652705,,,,,
2011-10-02,206420.25,245611.25662680579,288005.3288602209,,,,,
2011-10-09,308200.62,260099.14924278995,268949.6609808245,,,,,
2011-10-16,219894.34,268641.7054294619,300518.8787123733,,,,,
2011-10-23,264354.92,274643.7927080421,267219.4141966918,,,,,
2011-10-30,242683.19,281793.7875458753,253707.977098906,,,,,
2011-11-06,292747.79,291841.1529863086,289476.8653525314,,,,,
2011-11-13,357706.72000000003,303388.2017835832,350413.74084241374,,,,,
2011-11-20,373175.07,312287.65296839114,342859.8116580862,,,,,
2011-11-27,302392.22,313455.12683283025,316398.32615876285,,,,,
2011-12-04,309378.44,303228.6656378113,322656.83598598896,,,,,
2011-12-11,,,,301235.3653174121,241220.04456570523,332161.1100076105,216719.1383840555,356662.0161892603
2011-12-18,,,,234323.34814693633,203089.60988738402,296580.90390083974,177901.6333413208,321768.88044690294
2011-12-25,,,,76988.11194492274,16384.893145150556,112926.1523027595,0.0,138935.83584654797
2012-01-01,,,,16376.380438136623,0.0,80940.65999297904,0.0,106905.7658472409
2012-01-08,,,,148374.17585392372,112532.57403112418,207678.8271561975,86898.72632959143,233312.67485773028
2012-01-15,,,,165025.82279693708,102944.31577454644,196070.24182849625,77854.77491377165,221159.78268927103
2012-01-22,,,,141905.31429014943,99337.12895599686,191069.6954513959,74622.9803523445,215783.84405504825
2012-01-29,,,,135005.6369319978,97422.77355735167,188799.98136149492,72804.36398988703,213418.39092895956
2012-02-05,,,,133998.35105174323,94951.95010701113,186480.78177994338,70292.69076319909,211140.04112375542
2012-02-12,,,,123334.80547206796,92226.08330856552,183874.43383543423,67534.6237677027,208565.89337629706
2012-02-19,,,,142043.62668792513,91235.17170484636,182914.5857421024,66535.34318183038,207614.41426511842
2012-02-26,,,,146138.11518412502,94071.83363502625,185814.61985394667,69354.93168242223,210531.52180655068
2012-03-04,,,,140507.76685893486,101295.91415948281,193085.07100338564,76566.5192552429,217814.46590762556
