Cohort,MonthIndex,RetentionRate,CohortSize,ActiveCustomers
2009-12,0,1.0,951,951
2009-12,1,0.3501577287066246,951,333
2009-12,2,0.3333333333333333,951,317
2009-12,3,0.4248159831756046,951,404
2009-12,4,0.3785488958990536,951,360
2009-12,5,0.3596214511041009,951,342
2009-12,6,0.3764458464773922,951,358
2009-12,7,0.3438485804416404,951,327
2009-12,8,0.3375394321766561,951,321
2009-12,9,0.3617245005257624,951,344
2009-12,10,0.4216614090431125,951,401
2009-12,11,0.4963196635120925,951,472
2009-12,12,0.3764458464773922,951,358
2009-12,13,0.2818086225026288,951,268
2009-12,14,0.2439537329127234,951,232
2009-12,15,0.3028391167192429,951,288
2009-12,16,0.2628811777076761,951,250
2009-12,17,0.3028391167192429,951,288
2009-12,18,0.2839116719242902,951,270
2009-12,19,0.2586750788643533,951,246
2009-12,20,0.2544689800210305,951,242
2009-12,21,0.3133543638275499,951,298
2009-12,22,0.3038906414300736,951,289
2009-12,23,0.4058885383806519,951,386
2009-12,24,0.1966351209253417,951,187
2010-01,0,1.0,368,368
2010-01,1,0.2146739130434782,368,79
2010-01,2,0.3206521739130434,368,118
2010-01,3,0.3152173913043478,368,116
2010-01,4,0.2717391304347826,368,100
2010-01,5,0.3097826086956521,368,114
2010-01,6,0.2690217391304347,368,99
2010-01,7,0.233695652173913,368,86
2010-01,8,0.2853260869565217,368,105
2010-01,9,0.3260869565217391,368,120
2010-01,10,0.3097826086956521,368,114
2010-01,11,0.1793478260869565,368,66
2010-01,12,0.2282608695652173,368,84
2010-01,13,0.1793478260869565,368,66
2010-01,14,0.1956521739130435,368,72
2010-01,15,0.1521739130434782,368,56
2010-01,16,0.2445652173913043,368,90
2010-01,17,0.2038043478260869,368,75
2010-01,18,0.1929347826086956,368,71
2010-01,19,0.2010869565217391,368,74
2010-01,20,0.2527173913043478,368,93
2010-01,21,0.1983695652173913,368,73
2010-01,22,0.2527173913043478,368,93
2010-01,23,0.0570652173913043,368,21
2010-02,0,1.0,375,375
2010-02,1,0.2346666666666666,375,88
2010-02,2,0.2266666666666666,375,85
2010-02,3,0.2933333333333333,375,110
2010-02,4,0.2453333333333333,375,92
2010-02,5,0.1973333333333333,375,74
2010-02,6,0.192,375,72
2010-02,7,0.288,375,108
2010-02,8,0.256,375,96
2010-02,9,0.2746666666666666,375,103
2010-02,10,0.1146666666666666,375,43
2010-02,11,0.1253333333333333,375,47
2010-02,12,0.1493333333333333,375,56
2010-02,13,0.176,375,66
2010-02,14,0.1226666666666666,375,46
2010-02,15,0.2,375,75
2010-02,16,0.16,375,60
2010-02,17,0.1626666666666666,375,61
2010-02,18,0.144,375,54
2010-02,19,0.2293333333333333,375,86
2010-02,20,0.2293333333333333,375,86
2010-02,21,0.1653333333333333,375,62
2010-02,22,0.0586666666666666,375,22
2010-03,0,1.0,441,441
2010-03,1,0.1904761904761904,441,84
2010-03,2,0.2312925170068027,441,102
2010-03,3,0.2426303854875283,441,107
2010-03,4,0.2312925170068027,441,102
2010-03,5,0.2040816326530612,441,90
2010-03,6,0.2471655328798186,441,109
2010-03,7,0.3061224489795918,441,135
2010-03,8,0.2766439909297052,441,122
2010-03,9,0.1088435374149659,441,48
2010-03,10,0.1133786848072562,441,50
2010-03,11,0.1451247165532879,441,64
2010-03,12,0.1995464852607709,441,88
2010-03,13,0.1632653061224489,441,72
2010-03,14,0.1995464852607709,441,88
2010-03,15,0.1700680272108843,441,75
2010-03,16,0.1746031746031746,441,77
2010-03,17,0.1564625850340136,441,69
2010-03,18,0.1768707482993197,441,78
2010-03,19,0.2040816326530612,441,90
2010-03,20,0.2131519274376417,441,94
2010-03,21,0.0770975056689342,441,34
2010-04,0,1.0,294,294
2010-04,1,0.1904761904761904,294,56
2010-04,2,0.1904761904761904,294,56
2010-04,3,0.1598639455782313,294,47
2010-04,4,0.1836734693877551,294,54
2010-04,5,0.2210884353741496,294,65
2010-04,6,0.2755102040816326,294,81
2010-04,7,0.2653061224489796,294,78
2010-04,8,0.1054421768707483,294,31
2010-04,9,0.1088435374149659,294,32
2010-04,10,0.0748299319727891,294,22
2010-04,11,0.1394557823129251,294,41
2010-04,12,0.1428571428571428,294,42
2010-04,13,0.1564625850340136,294,46
2010-04,14,0.1564625850340136,294,46
2010-04,15,0.1564625850340136,294,46
2010-04,16,0.1394557823129251,294,41
2010-04,17,0.1496598639455782,294,44
2010-04,18,0.1802721088435374,294,53
2010-04,19,0.227891156462585,294,67
2010-04,20,0.0578231292517006,294,17
2010-05,0,1.0,255,255
2010-05,1,0.1568627450980392,255,40
2010-05,2,0.1686274509803921,255,43
2010-05,3,0.1764705882352941,255,45
2010-05,4,0.1764705882352941,255,45
2010-05,5,0.2549019607843137,255,65
2010-05,6,0.2117647058823529,255,54
2010-05,7,0.1254901960784313,255,32
2010-05,8,0.0588235294117647,255,15
2010-05,9,0.0823529411764705,255,21
2010-05,10,0.1137254901960784,255,29
2010-05,11,0.1333333333333333,255,34
2010-05,12,0.1529411764705882,255,39
2010-05,13,0.1529411764705882,255,39
2010-05,14,0.0980392156862745,255,25
2010-05,15,0.1254901960784313,255,32
2010-05,16,0.1372549019607843,255,35
2010-05,17,0.1647058823529411,255,42
2010-05,18,0.1529411764705882,255,39
2010-05,19,0.0470588235294117,255,12
2010-06,0,1.0,267,267
2010-06,1,0.1760299625468165,267,47
2010-06,2,0.1872659176029962,267,50
2010-06,3,0.2059925093632958,267,55
2010-06,4,0.2322097378277153,267,62
2010-06,5,0.2846441947565543,267,76
2010-06,6,0.1273408239700374,267,34
2010-06,7,0.0898876404494382,267,24
2010-06,8,0.0823970037453183,267,22
2010-06,9,0.1123595505617977,267,30
2010-06,10,0.1048689138576779,267,28
2010-06,11,0.1385767790262172,267,37
2010-06,12,0.149812734082397,267,40
2010-06,13,0.1235955056179775,267,33
2010-06,14,0.1123595505617977,267,30
2010-06,15,0.1235955056179775,267,33
2010-06,16,0.1310861423220973,267,35
2010-06,17,0.2022471910112359,267,54
2010-06,18,0.048689138576779,267,13
2010-07,0,1.0,185,185
2010-07,1,0.1567567567567567,185,29
2010-07,2,0.1837837837837838,185,34
2010-07,3,0.2972972972972973,185,55
2010-07,4,0.2918918918918919,185,54
2010-07,5,0.1405405405405405,185,26
2010-07,6,0.1135135135135135,185,21
2010-07,7,0.1459459459459459,185,27
2010-07,8,0.1459459459459459,185,27
2010-07,9,0.1135135135135135,185,21
2010-07,10,0.1351351351351351,185,25
2010-07,11,0.1459459459459459,185,27
2010-07,12,0.1297297297297297,185,24
2010-07,13,0.1351351351351351,185,25
2010-07,14,0.1945945945945946,185,36
2010-07,15,0.1729729729729729,185,32
2010-07,16,0.2378378378378378,185,44
2010-07,17,0.081081081081081,185,15
2010-08,0,1.0,163,163
2010-08,1,0.1963190184049079,163,32
2010-08,2,0.2883435582822086,163,47
2010-08,3,0.3251533742331288,163,53
2010-08,4,0.1656441717791411,163,27
2010-08,5,0.1165644171779141,163,19
2010-08,6,0.0981595092024539,163,16
2010-08,7,0.1288343558282208,163,21
2010-08,8,0.1349693251533742,163,22
2010-08,9,0.1288343558282208,163,21
2010-08,10,0.1288343558282208,163,21
2010-08,11,0.1165644171779141,163,19
2010-08,12,0.147239263803681,163,24
2010-08,13,0.1717791411042944,163,28
2010-08,14,0.1717791411042944,163,28
2010-08,15,0.1963190184049079,163,32
2010-08,16,0.0736196319018405,163,12
2010-09,0,1.0,239,239
2010-09,1,0.2301255230125523,239,55
2010-09,2,0.2343096234309623,239,56
2010-09,3,0.1297071129707113,239,31
2010-09,4,0.0878661087866108,239,21
2010-09,5,0.104602510460251,239,25
2010-09,6,0.1380753138075313,239,33
2010-09,7,0.0962343096234309,239,23
2010-09,8,0.1297071129707113,239,31
2010-09,9,0.1297071129707113,239,31
2010-09,10,0.1213389121338912,239,29
2010-09,11,0.100418410041841,239,24
2010-09,12,0.2259414225941422,239,54
2010-09,13,0.1673640167364016,239,40
2010-09,14,0.1673640167364016,239,40
2010-09,15,0.0543933054393305,239,13
2010-10,0,1.0,375,375
2010-10,1,0.2586666666666666,375,97
2010-10,2,0.1466666666666666,375,55
2010-10,3,0.1253333333333333,375,47
2010-10,4,0.088,375,33
2010-10,5,0.0826666666666666,375,31
2010-10,6,0.1306666666666666,375,49
2010-10,7,0.1386666666666666,375,52
2010-10,8,0.1066666666666666,375,40
2010-10,9,0.0933333333333333,375,35
2010-10,10,0.1066666666666666,375,40
2010-10,11,0.128,375,48
2010-10,12,0.192,375,72
2010-10,13,0.232,375,87
2010-10,14,0.0693333333333333,375,26
2010-11,0,1.0,326,326
2010-11,1,0.1748466257668711,326,57
2010-11,2,0.0950920245398773,326,31
2010-11,3,0.0950920245398773,326,31
2010-11,4,0.0766871165644171,326,25
2010-11,5,0.0889570552147239,326,29
2010-11,6,0.1288343558282208,326,42
2010-11,7,0.1012269938650306,326,33
2010-11,8,0.0858895705521472,326,28
2010-11,9,0.0920245398773006,326,30
2010-11,10,0.1104294478527607,326,36
2010-11,11,0.147239263803681,326,48
2010-11,12,0.2515337423312883,326,82
2010-11,13,0.0644171779141104,326,21
2010-12,0,1.0,76,76
2010-12,1,0.0921052631578947,76,7
2010-12,2,0.0526315789473684,76,4
2010-12,3,0.0921052631578947,76,7
2010-12,4,0.1184210526315789,76,9
2010-12,5,0.0657894736842105,76,5
2010-12,6,0.0526315789473684,76,4
2010-12,7,0.0921052631578947,76,7
2010-12,8,0.0526315789473684,76,4
2010-12,9,0.0263157894736842,76,2
2010-12,10,0.0921052631578947,76,7
2010-12,11,0.1973684210526315,76,15
2010-12,12,0.0263157894736842,76,2
2011-01,0,1.0,72,72
2011-01,1,0.1666666666666666,72,12
2011-01,2,0.2222222222222222,72,16
2011-01,3,0.1944444444444444,72,14
2011-01,4,0.2222222222222222,72,16
2011-01,5,0.1527777777777778,72,11
2011-01,6,0.1527777777777778,72,11
2011-01,7,0.125,72,9
2011-01,8,0.1111111111111111,72,8
2011-01,9,0.2083333333333333,72,15
2011-01,10,0.25,72,18
2011-01,11,0.1111111111111111,72,8
2011-02,0,1.0,125,125
2011-02,1,0.16,125,20
2011-02,2,0.16,125,20
2011-02,3,0.184,125,23
2011-02,4,0.216,125,27
2011-02,5,0.16,125,20
2011-02,6,0.16,125,20
2011-02,7,0.152,125,19
2011-02,8,0.152,125,19
2011-02,9,0.184,125,23
2011-02,10,0.064,125,8
2011-03,0,1.0,179,179
2011-03,1,0.1787709497206704,179,32
2011-03,2,0.217877094972067,179,39
2011-03,3,0.2011173184357542,179,36
2011-03,4,0.2234636871508379,179,40
2011-03,5,0.1508379888268156,179,27
2011-03,6,0.2067039106145251,179,37
2011-03,7,0.2011173184357542,179,36
2011-03,8,0.2402234636871508,179,43
2011-03,9,0.0949720670391061,179,17
2011-04,0,1.0,106,106
2011-04,1,0.2452830188679245,106,26
2011-04,2,0.1981132075471698,106,21
2011-04,3,0.1981132075471698,106,21
2011-04,4,0.1792452830188679,106,19
2011-04,5,0.2358490566037736,106,25
2011-04,6,0.1792452830188679,106,19
2011-04,7,0.2547169811320754,106,27
2011-04,8,0.1132075471698113,106,12
2011-05,0,1.0,111,111
2011-05,1,0.2342342342342342,111,26
2011-05,2,0.2432432432432432,111,27
2011-05,3,0.1621621621621621,111,18
2011-05,4,0.2162162162162162,111,24
2011-05,5,0.2072072072072072,111,23
2011-05,6,0.2612612612612612,111,29
2011-05,7,0.1081081081081081,111,12
2011-06,0,1.0,108,108
2011-06,1,0.2314814814814814,108,25
2011-06,2,0.2129629629629629,108,23
2011-06,3,0.2685185185185185,108,29
2011-06,4,0.2037037037037037,108,22
2011-06,5,0.2777777777777778,108,30
2011-06,6,0.0833333333333333,108,9
2011-07,0,1.0,101,101
2011-07,1,0.2079207920792079,101,21
2011-07,2,0.297029702970297,101,30
2011-07,3,0.2772277227722772,101,28
2011-07,4,0.3465346534653465,101,35
2011-07,5,0.1584158415841584,101,16
2011-08,0,1.0,107,107
2011-08,1,0.2616822429906542,107,28
2011-08,2,0.2990654205607476,107,32
2011-08,3,0.2616822429906542,107,28
2011-08,4,0.1682242990654205,107,18
2011-09,0,1.0,188,188
2011-09,1,0.2712765957446808,188,51
2011-09,2,0.3776595744680851,188,71
2011-09,3,0.1489361702127659,188,28
2011-10,0,1.0,221,221
2011-10,1,0.3167420814479638,221,70
2011-10,2,0.1583710407239819,221,35
2011-11,0,1.0,191,191
2011-11,1,0.1413612565445026,191,27
2011-12,0,1.0,28,28
